model,mode,turn,kind,ttft_s,total_s,api_ms,ok,text
sonnet,cold,0,answer,5.0265188079938525,5.051294274999236,4011,True,Teams is open.
sonnet,cold,1,answer,1.8797663060031482,2.2867971860032412,1303,True,17 times 3 is 51.
sonnet,cold,2,answer,2.2062920550015406,2.234053476000554,1318,True,ready
sonnet,cold,3,answer,2.9211066749994643,3.0988888959982432,1958,True,Sent to Rahul Sharma.
sonnet,cold,4,answer,1.7346390500024427,2.171418346995779,1181,True,Paris is the capital of France.
sonnet,cold,5,tool,12.304954962004558,12.325647145000403,11204,True,done
sonnet,cold,6,tool,3.7938487049977994,3.814299192999897,2603,True,set
sonnet,cold,7,tool,10.90685022999969,10.928087499996764,9792,True,open
sonnet,cold,8,answer,2.1147938479989534,2.2034953289985424,1261,True,Teams is open.
sonnet,cold,9,answer,1.6735906570029329,2.1284486260046833,1266,True,17 times 3 is 51.
sonnet,cold,10,answer,3.757322737998038,3.7829443139999057,2888,True,ready
sonnet,cold,11,answer,4.266251075001492,4.742610067005444,3754,True,Sent to Rahul Sharma.
sonnet,cold,12,answer,1.8193440690010902,2.1934079970014864,1200,True,Paris is the capital of France.
sonnet,cold,13,tool,3.587985491998552,3.6072338149970165,2456,True,done
sonnet,cold,14,tool,3.350290796995978,3.372656225998071,2279,True,set
sonnet,cold,15,tool,3.5581887349981116,3.587391879998904,2525,True,open
sonnet,cold,16,answer,2.181009231004282,2.206317199001205,1262,True,Teams is open.
sonnet,cold,17,answer,1.730087290998199,2.1583407489961246,1208,True,17 times 3 is 51.
sonnet,cold,18,answer,2.8251108690019464,2.8498524669994367,1933,True,ready
sonnet,cold,19,answer,4.015736743000161,4.493453644994588,3551,True,Sent to Rahul Sharma.
sonnet,warm,-1,warmup,2.2694462840008782,2.2953977650031447,1439,True,ok
sonnet,warm,0,answer,1.2993640830027289,1.3140806860028533,2723,True,Teams is open.
sonnet,warm,1,answer,0.8938459189957939,1.3304405259987107,4025,True,17 times 3 is 51.
sonnet,warm,2,answer,1.2417833880026592,1.260165824998694,5257,True,ready
sonnet,warm,3,answer,0.8470425170016824,1.2755407119984739,6503,True,Sent to Rahul Sharma.
sonnet,warm,4,answer,0.9316548040005728,1.3076321739936247,7774,True,The capital of France is Paris.
sonnet,warm,5,tool,2.9524144570023054,2.9706417950001196,10534,True,done
sonnet,warm,6,tool,3.095775451998634,3.1121715669942205,13517,True,set
sonnet,warm,7,tool,3.064931125998555,3.076809095000499,16444,True,open
sonnet,warm,8,answer,1.4026688520025345,1.4198443019995466,17834,True,Teams is open.
sonnet,warm,9,answer,1.3596894150032313,1.39862638800696,19203,True,17 times 3 is 51.
sonnet,warm,10,answer,1.4442771550020552,1.4937706830023672,20648,True,ready
sonnet,warm,11,answer,2.943463428004179,2.9548911880046944,23581,True,Sent to Rahul Sharma.
sonnet,warm,12,answer,1.4036422549979761,1.4408926319956663,24992,True,The capital of France is Paris.
sonnet,warm,13,tool,3.0660958049993496,3.082591031001357,27889,True,done
sonnet,warm,14,tool,3.1180864359994303,3.1355882409989135,30875,True,set
sonnet,warm,15,tool,3.197530169003585,3.2117608219996328,33933,True,open
sonnet,warm,16,answer,1.4071491569993668,1.412950466001348,35317,True,Teams is open.
sonnet,warm,17,answer,1.4846884579965263,1.49676272799843,36794,True,17 times 3 is 51.
sonnet,warm,18,answer,1.3441067099993234,1.365649510997173,38129,True,ready
sonnet,warm,19,answer,1.399875137998606,1.4475033630005782,39546,True,Sent to Rahul Sharma.
sonnet,warm,20,deny,3.6155753760031075,3.635300907000783,43061,True,"A hook blocked the command, with the message ""Blocked by Jarvis policy gate (spi"
haiku,warm,-1,warmup,2.3104135500034317,2.3625192700055777,1491,True,ok
haiku,warm,0,answer,1.0027782679972006,1.0375514780025696,2494,True,Teams is open.
haiku,warm,1,answer,1.1898323080022237,1.2519808709985227,3717,True,17 times 3 is 51.
haiku,warm,2,answer,0.9738839990022825,0.9859931690007215,4674,True,ready
haiku,warm,3,answer,1.5862380559992744,1.6424209230026463,6287,True,Sent to Rahul Sharma.
haiku,warm,4,answer,2.3590503040031763,2.3948158850034815,8648,True,The capital of France is Paris.
haiku,warm,5,tool,3.4138484930008417,3.4364362490014173,11880,True,done
haiku,warm,6,tool,2.617512585995428,2.658942076996027,14395,True,set
haiku,warm,7,tool,10.937044944002992,10.976074577003601,25227,True,open
haiku,warm,8,answer,1.1623566179987392,1.2039533860006486,26397,True,Teams is open.
haiku,warm,9,answer,1.1536963930047932,1.275128155000857,27642,True,17 times 3 is 51.
haiku,warm,10,answer,1.1107316440029535,1.1219552850016044,28734,True,ready
haiku,warm,11,answer,2.521901138999965,2.557346931003849,31261,True,Sent to Rahul Sharma.
haiku,warm,12,answer,1.087848003997351,1.1041417390006245,32333,True,The capital of France is Paris.
haiku,warm,13,tool,3.2290175410016673,3.2632887680010754,35450,True,done
haiku,warm,14,tool,3.538736385999073,3.569872035004664,38847,True,set
haiku,warm,15,tool,3.735633679003513,3.7569509520035353,42450,True,open
haiku,warm,16,answer,1.1365985400043428,1.1465235690047848,43567,True,Teams is open.
haiku,warm,17,answer,1.0340580420015613,1.1047407610021764,44643,True,17 times 3 is 51.
haiku,warm,18,answer,1.0569184740015771,1.0744188050011871,45689,True,ready
haiku,warm,19,answer,2.676773234998109,2.7063484550017165,48361,True,Sent to Rahul Sharma.
haiku,warm,20,deny,3.596747453993885,3.7406804139973246,51964,True,The Bash command was blocked by a Jarvis policy gate.
opus,warm,-1,warmup,2.3640344589948654,2.3895898569971905,1488,True,ok
opus,warm,0,answer,1.931423210997309,1.9457086909969803,3401,True,Teams is open.
opus,warm,1,answer,0.922506650997093,1.5742443969938904,4947,True,17 times 3 is 51.
opus,warm,2,answer,1.527328561001923,1.546202233999793,6463,True,ready
opus,warm,3,answer,2.021781813004054,2.451257507003902,8885,True,Sent to Rahul Sharma.
opus,warm,4,answer,0.9278217359969858,1.5588963519985555,10414,True,The capital of France is Paris.
opus,warm,5,tool,2.9282421700045234,2.9548715660057496,13140,True,done
opus,warm,6,tool,3.2167015869999886,3.240892930996779,16221,True,set
opus,warm,7,tool,2.8699970680027036,2.8842432300007204,18988,True,open
opus,warm,8,answer,1.1301721720010391,1.7065583939984208,20663,True,Teams is open.
opus,warm,9,answer,0.9583165759977419,1.5270718879983178,22159,True,17 times 3 is 51.
opus,warm,10,answer,1.5304633380001178,1.5695046889959485,23681,True,ready
opus,warm,11,answer,0.9855980939973961,1.6553214359955746,25282,True,Sent to Rahul Sharma.
opus,warm,12,answer,1.0155957129973103,1.6448155869948096,26894,True,The capital of France is Paris.
opus,warm,13,tool,2.7787005379941547,2.7907619159959722,29542,True,done
opus,warm,14,tool,3.031237577997672,3.043527895999432,32437,True,set
opus,warm,15,tool,3.0488535440017586,3.060513168005855,35343,True,open
opus,warm,16,answer,1.557147771003656,1.5785657270025695,36890,True,Teams is open.
opus,warm,17,answer,0.9836303800038877,1.609536873002071,38468,True,17 times 3 is 51.
opus,warm,18,answer,1.5172873760020593,1.5309966870045173,39968,True,ready
opus,warm,19,answer,0.9853831119980896,1.6073911979983677,41546,True,Sent to Rahul Sharma.
opus,warm,20,deny,3.164107058000809,3.19100220999826,44612,True,"A Jarvis policy-gate hook blocked the `echo DENYME` command, so it never ran."
